{
  "daylight_rows": 19551,
  "target_coverage": 0.9,
  "actual_coverage": 0.8907472763541506,
  "overshoot_rate_pct": 10.92527236458493,
  "mean_gap_wh": -444.241590284139,
  "mean_abs_spread_from_point_wh": 451.0842857151052,
  "q10_quantiles": {
    "0.05": 11.78872299194336,
    "0.25": 119.81385803222656,
    "0.5": 384.1390380859375,
    "0.75": 1080.3179931640625,
    "0.95": 2616.19873046875
  }
}